name,involved_companies,rating,rating_count,first_release_date,genres,platforms
The Witcher 3: Wild Hunt - Game of the Year Edition,"['CD Projekt RED', 'CD Projekt']",97.99493779876713,545,2016-08-29,"['Role-playing (RPG)', 'Adventure']","[{'id': 48, 'name': 'PlayStation 4'}, {'id': 6, 'name': 'PC (Microsoft Windows)'}, {'id': 49, 'name': 'Xbox One'}]"
The Witcher 3: Wild Hunt - Complete Edition,"['Saber Interactive', 'CD Projekt RED']",97.78844777387299,165,2016-08-29,"['Role-playing (RPG)', 'Adventure']","[{'id': 169, 'name': 'Xbox Series X|S'}, {'id': 48, 'name': 'PlayStation 4'}, {'id': 6, 'name': 'PC (Microsoft Windows)'}, {'id': 167, 'name': 'PlayStation 5'}, {'id': 49, 'name': 'Xbox One'}, {'id': 130, 'name': 'Nintendo Switch'}]"
Bloodborne: Game of the Year Edition,"['Sony Computer Entertainment', 'FromSoftware']",97.5340664876023,101,2015-11-27,['Role-playing (RPG)'],"[{'id': 48, 'name': 'PlayStation 4'}]"
The Witcher 3: Wild Hunt - Blood and Wine,['CD Projekt RED'],96.24639681294461,428,2016-05-30,"['Role-playing (RPG)', 'Adventure']","[{'id': 169, 'name': 'Xbox Series X|S'}, {'id': 48, 'name': 'PlayStation 4'}, {'id': 6, 'name': 'PC (Microsoft Windows)'}, {'id': 167, 'name': 'PlayStation 5'}, {'id': 49, 'name': 'Xbox One'}, {'id': 130, 'name': 'Nintendo Switch'}]"
Baldur's Gate 3,"['Larian Studios', 'Wushu Studios', 'Anshar Studios']",96.09673018542018,822,2023-08-03,"['Role-playing (RPG)', 'Strategy', 'Turn-based strategy (TBS)', 'Tactical', 'Adventure']","[{'id': 170, 'name': 'Google Stadia'}, {'id': 169, 'name': 'Xbox Series X|S'}, {'id': 6, 'name': 'PC (Microsoft Windows)'}, {'id': 167, 'name': 'PlayStation 5'}, {'id': 14, 'name': 'Mac'}]"
Elden Ring,"['Bandai Namco Entertainment', 'FromSoftware']",95.37264100813138,1415,2022-02-25,"['Role-playing (RPG)', 'Adventure']","[{'id': 169, 'name': 'Xbox Series X|S'}, {'id': 48, 'name': 'PlayStation 4'}, {'id': 508, 'name': 'Nintendo Switch 2'}, {'id': 6, 'name': 'PC (Microsoft Windows)'}, {'id': 167, 'name': 'PlayStation 5'}, {'id': 49, 'name': 'Xbox One'}]"
Persona 5 Royal,"['Atlus', 'Sega', 'P Studio']",95.1816136169198,577,2019-10-31,"['Role-playing (RPG)', 'Turn-based strategy (TBS)', 'Adventure']","[{'id': 169, 'name': 'Xbox Series X|S'}, {'id': 48, 'name': 'PlayStation 4'}, {'id': 6, 'name': 'PC (Microsoft Windows)'}, {'id': 167, 'name': 'PlayStation 5'}, {'id': 49, 'name': 'Xbox One'}, {'id': 130, 'name': 'Nintendo Switch'}]"
The Legend of Zelda: Tears of the Kingdom,"['Monolith Soft', 'Nintendo EPD Production Group No. 3', 'Nintendo']",94.16175731915537,578,2023-05-12,"['Role-playing (RPG)', 'Adventure']","[{'id': 130, 'name': 'Nintendo Switch'}]"
Disco Elysium,"['ZA/UM', 'ZA/UM', 'The Knights of Unity']",94.1591660719003,851,2019-10-15,"['Role-playing (RPG)', 'Adventure', 'Indie']","[{'id': 170, 'name': 'Google Stadia'}, {'id': 48, 'name': 'PlayStation 4'}, {'id': 6, 'name': 'PC (Microsoft Windows)'}, {'id': 167, 'name': 'PlayStation 5'}, {'id': 14, 'name': 'Mac'}, {'id': 130, 'name': 'Nintendo Switch'}]"
Disco Elysium: The Final Cut,['ZA/UM'],94.00343710338055,163,2021-03-30,"['Role-playing (RPG)', 'Adventure', 'Indie']","[{'id': 170, 'name': 'Google Stadia'}, {'id': 169, 'name': 'Xbox Series X|S'}, {'id': 48, 'name': 'PlayStation 4'}, {'id': 6, 'name': 'PC (Microsoft Windows)'}, {'id': 167, 'name': 'PlayStation 5'}, {'id': 14, 'name': 'Mac'}, {'id': 49, 'name': 'Xbox One'}, {'id': 130, 'name': 'Nintendo Switch'}]"
Bloodborne: The Old Hunters,"['FromSoftware', 'Sony Computer Entertainment']",93.96594013637386,143,2015-11-24,"['Role-playing (RPG)', 'Adventure']","[{'id': 48, 'name': 'PlayStation 4'}]"
The Witcher 3: Wild Hunt,"['WB Games', 'cdp.pl', 'Spike Chunsoft', 'Bandai Namco Entertainment', 'CD Projekt RED', 'D3T Limited', 'Saber Interactive']",93.95540201309522,4442,2015-05-19,"['Role-playing (RPG)', 'Adventure']","[{'id': 169, 'name': 'Xbox Series X|S'}, {'id': 48, 'name': 'PlayStation 4'}, {'id': 6, 'name': 'PC (Microsoft Windows)'}, {'id': 167, 'name': 'PlayStation 5'}, {'id': 49, 'name': 'Xbox One'}, {'id': 130, 'name': 'Nintendo Switch'}]"
Half-Life: Alyx,['Valve'],93.63401949728629,138,2020-03-23,"['Shooter', 'Puzzle', 'Adventure']","[{'id': 161, 'name': 'Windows Mixed Reality'}, {'id': 163, 'name': 'SteamVR'}, {'id': 385, 'name': 'Oculus Rift'}]"
Sunflower Land,['Thought Farm PTY LTD'],93.18431109192369,87,2022-04-15,['Simulator'],"[{'id': 82, 'name': 'Web browser'}]"
The Last of Us Part I,"['Sony Interactive Entertainment', 'Iron Galaxy Studios', 'Naughty Dog']",93.13110745010555,600,2022-09-01,"['Shooter', 'Adventure']","[{'id': 6, 'name': 'PC (Microsoft Windows)'}, {'id': 167, 'name': 'PlayStation 5'}]"
Red Dead Redemption 2,"['Take-Two Interactive', 'Rockstar Games']",93.03267816180572,2712,2018-10-26,"['Shooter', 'Role-playing (RPG)', 'Adventure']","[{'id': 170, 'name': 'Google Stadia'}, {'id': 48, 'name': 'PlayStation 4'}, {'id': 6, 'name': 'PC (Microsoft Windows)'}, {'id': 49, 'name': 'Xbox One'}]"
Superfighters Deluxe,['MythoLogic Interactive'],93.00621261589889,84,2018-11-30,"['Fighting', 'Shooter', 'Platform', 'Indie']","[{'id': 6, 'name': 'PC (Microsoft Windows)'}]"
Persona 5,"['Atlus', 'P Studio', 'Atlus USA', 'Deep Silver', 'Sega']",92.79192334860441,904,2016-09-15,"['Role-playing (RPG)', 'Turn-based strategy (TBS)', 'Adventure']","[{'id': 9, 'name': 'PlayStation 3'}, {'id': 48, 'name': 'PlayStation 4'}]"
The Legend of Zelda: Breath of the Wild,"['Monolith Soft', 'Nintendo', 'Nintendo EPD Production Group No. 3']",92.73470862478462,2452,2017-03-03,"['Puzzle', 'Role-playing (RPG)', 'Adventure']","[{'id': 41, 'name': 'Wii U'}, {'id': 130, 'name': 'Nintendo Switch'}]"
God of War,"['Sony Interactive Entertainment', 'SIE Santa Monica Studio', 'Jetpack Interactive']",92.611192629954,2773,2018-04-20,"['Role-playing (RPG)', ""Hack and slash/Beat 'em up"", 'Adventure']","[{'id': 48, 'name': 'PlayStation 4'}, {'id': 6, 'name': 'PC (Microsoft Windows)'}]"
13 Sentinels: Aegis Rim,"['Vanillaware', 'Atlus', 'Sega']",92.42567143635681,96,2019-11-28,"['Simulator', 'Strategy', 'Tactical', 'Adventure']","[{'id': 48, 'name': 'PlayStation 4'}, {'id': 130, 'name': 'Nintendo Switch'}]"
The Witcher 3: Wild Hunt - Hearts of Stone,['CD Projekt RED'],92.30794600759025,508,2015-10-12,"['Role-playing (RPG)', 'Adventure']","[{'id': 169, 'name': 'Xbox Series X|S'}, {'id': 48, 'name': 'PlayStation 4'}, {'id': 6, 'name': 'PC (Microsoft Windows)'}, {'id': 167, 'name': 'PlayStation 5'}, {'id': 49, 'name': 'Xbox One'}, {'id': 130, 'name': 'Nintendo Switch'}]"
Hollow Knight,['Team Cherry'],92.16341321185493,1628,2017-02-24,"['Platform', 'Adventure', 'Indie']","[{'id': 48, 'name': 'PlayStation 4'}, {'id': 3, 'name': 'Linux'}, {'id': 6, 'name': 'PC (Microsoft Windows)'}, {'id': 14, 'name': 'Mac'}, {'id': 41, 'name': 'Wii U'}, {'id': 49, 'name': 'Xbox One'}, {'id': 130, 'name': 'Nintendo Switch'}]"
God of War Ragnarök,"['Sony Interactive Entertainment', 'SIE Santa Monica Studio', 'Valkyrie Entertainment', 'Jetpack Interactive', 'Bluepoint Games', 'RedHot Software', 'Original Force', 'SuperAlloy Interactive', 'Supergenius Studio']",92.11326315217867,643,2022-11-09,"['Role-playing (RPG)', ""Hack and slash/Beat 'em up"", 'Adventure']","[{'id': 48, 'name': 'PlayStation 4'}, {'id': 6, 'name': 'PC (Microsoft Windows)'}, {'id': 167, 'name': 'PlayStation 5'}]"
Bloodborne,"['FromSoftware', 'Sony Computer Entertainment']",91.92556914554854,1539,2015-03-24,"['Role-playing (RPG)', 'Adventure']","[{'id': 48, 'name': 'PlayStation 4'}]"
